educated at,coordinate location
Aalto University,"60.186111,24.828611"
Academia Imperial de Belas Artes,
Academia Nacional de Bellas Artes San Alejandro,"23.087472,-82.426917"
Académie de la Grande Chaumière,"48.8422,2.3304"
Académie de Saint-Luc,
Académie des beaux-arts,"48.857222,2.336889"
Académie des beaux-arts de Saint-Josse-ten-Noode,
Académie Julian,"48.871111111111,2.3416666666667"
Académie Ranson,
Académie royale de peinture et de sculpture,"48.85722222222222,2.3369444444444443"
Académie Suisse,"48.8545,2.3446"
Academie van Beeldende Kunsten en Technische Wetenschappen,
Academie voor Beeldende Kunsten Sint-Joost,
"Academy of Architecture and Arts, Southern Federal University",
Academy of Fine Art in Guangzhou,
Academy of Fine Arts and Design in Bratislava,"48.1416,17.1072"
Academy of Fine Arts in Kraków ,
Academy of Fine Arts In Łódź,"51.788577,19.482554"
Academy of Fine Arts Leuven,
Academy of Fine Arts Munich,
Academy of Fine Arts of Bologna,"44.497811111111,11.353188888889"
Academy of Fine Arts of Bologna; Cineteca Bologna; University of California San Diego,
Academy of Fine Arts of Rome,"41.9075,12.4756"
Academy of Fine Arts of Rome,"41.9075,12.4756"
Academy of Fine Arts Vienna,"48.201388888889,16.365277777778"
"Academy of Fine Arts, Belgrade",
"Academy of Fine Arts, Florence","43.776907,11.258475"
"Academy of Fine Arts, Karlsruhe","49.0144,8.38726"
"Academy of Fine Arts, Munich","48.1531959202723,11.5803123911292"
"Academy of Fine Arts, Prague","50.1027092,14.4240053"
"Academy of Fine Arts, University of Zagreb","45.8121,15.9624"
"Academy of Fine Arts, Warsaw","52.239444444444445,21.015833333333333"
Academy of Media Arts Cologne,"50.93475582568144,6.962159950772375"
Academy of Performing Arts in Bratislava,"48.14388889,17.10972222"
Academy of San Carlos,"19.433086,-99.128844"
Accademia Albertina,"45.0675,7.68944444"
Accademia del Regno italico,
Accademia delle Arti del Disegno,"43.776907,11.258475"
Accademia di Belle Arti di Foggia,"41.46189,15.543579"
Accademia di Belle Arti di Napoli,"40.8516,14.2512"
Accademia di Belle Arti di Venezia,"45.4286,12.3305"
Aix-en-Provence School of Art,"43.5307,5.44105"
Aix-Marseille University,"43.29349444444444,5.357841666666666"
AKV,
Alberta University of the Arts,"51.062,-114.091"
Alexandria University,"31.20194,29.90528"
Alfred University,"42.255555555556,-77.787527777778"
Algonquin College - Kuwait,
American Film Institute,
American University of Sharjah,"25.309722,55.490556"
Amherst College,"42.370833333333,-72.516944444444"
Anderson University,"34.515,-82.64"
Anhembi Morumbi University,"-23.6005,-46.6749"
António Arroio School of Arts,"38.73611111,-9.12722222"
ARIES School of Graphic and Motion Design,
Aristotle University of Thessaloniki,"40.63,22.958055555556"
Art Students League of New York,"40.766083333333,-73.980861111111"
ArtEZ,"51.98399613367563,5.8943865238974"
Arts Institute of Federal University of Rio Grande do Sul,"-30.0292,-51.2233"
ArtScience Interfaculty ,
Atelier 17,"48.83972898207762,2.3325339"
Athens School of Fine Arts,"37.9620098,23.6881821"
ATLA de Paris,
Augsburg Technical University of Applied Sciences,"48.355277777778,10.905"
Avans University of Applied Sciences,"51.5837146,4.79711"
Azad University at Qazvin,"36.3212,50.036"
Bahia State University,"-12.951417,-38.4595"
Barcelona School of Fine Arts,"41.38302778,2.11397222"
Basel Academy of Art and Design FHNW,"47.533055555555556,7.611"
Basel School of Design,"47.563722222222225,7.6065555555555555"
Batman University Faculty of Fine Arts ,
Bauhaus-Universität Weimar,"50.9745,11.3291"
Beaux-Arts de Bordeaux ,
Beaux-Arts de Paris,"48.85680555555555,2.333277777777778"
Beaux-Arts School of Dijon,
Berlin University of the Arts,"52.509166666666665,13.326944444444445"
Bern Academy of the Arts,"46.946666666666665,7.391388888888889"
Bezalel Academy of Art and Design,"31.781166666666667,35.22361111111111"
Black Mountain College,"35.6324,-82.3602"
Boston University,"42.34888888888889,-71.10027777777778"
Boston University College of Fine Arts,
Bournemouth University,"50.7432,-1.8969"
Bowling Green State University,"41.38,-83.64"
Bradley University,"40.698055555556,-89.615555555556"
Brandeis University,"42.36566,-71.25974"
Braunschweig University of Art,"52.2575,10.50166667"
Brera Academy,"45.47222222,9.18888889"
Brown University,"41.82611111111111,-71.40305555555555"
BTS Communication Visuelle,
Budapest Metropolitan University,"47.50638889,19.135"
Burg Giebichenstein University of Art and Design Halle,"51.5027,11.9549"
Cairo University Kasr Alainy  Faculty of Medicine,"30.0276,31.21014"
California College of the Arts,"37.8359,-122.25"
California Institute of the Arts,"34.393055555556,-118.56694444444"
"California State University, Long Beach","33.78219444444444,-118.122"
Carleton University,"45.38746154402288,-75.69590507450312"
Carnegie Institute of Technology,"40.442222222222,-79.946416666667"
Carnegie Mellon College of Fine Arts,"40.4445,-79.943"
Carnegie Mellon University,"40.4425,-79.94333333333333"
Catholic University of Portugal,"38.749074,-9.165963"
Catholic University of the Sacred Heart,"45.4631,9.1769111111111"
Central Saint Martins,"51.535555555556,-0.125"
Central School of Art and Design,"51.5189,-0.1207"
Centro Federal de Educação Tecnológica do Paraná ,
Chelsea College of Art and Design,"51.4904,-0.12892"
City of Glasgow College,"55.863,-4.244"
Cleveland Institute of Art,"41.5105,-81.6025"
Colégio Dante Alighieri,"-23.563320999999988,-46.658869999999986"
Colegio de los Sagrados Corazones de Santiago,"-33.44841111,-70.66419722"
Collège-lycée Jacques-Decour,"48.881486,2.343424"
Colorado College,"38.848611,-104.825"
Columbia University,"40.8075,-73.961944444444"
Complutense University of Madrid,"40.449038888888886,-3.7270305555555554"
Concordia University,"45.496944444444445,-73.57805555555555"
Conservatoire National de Marseille,
Conservatoire national supérieur de musique et de danse de Lyon,"45.76915,4.81262"
Conservatorio di Musica Santa Cecilia,
"Conservatorio Statale di Musica ""Gioachino Rossini""","43.90941,12.91018"
Conservatorium van Amsterdam,"52.375833,4.908056"
Cooper Union,"40.72927,-73.99058"
Cornell University,"42.44916666666666,-76.48388888888888"
Cranbrook Academy of Art,"42.567788874683096,-83.25154634187616"
Dallas Art Institute,
Dawson College,"45.489374,-73.588298"
De Ateliers,
De La Salle University,"14.5646,120.99303"
Delft University of Technology,"52.001666666667,4.3725"
DePaul University,"41.923558,-87.653542"
Design Academy Eindhoven,"51.439825,5.474695"
Design Institute of San Diego,"32.880696,-117.167367"
Design School Kolding,"55.4862,9.4803"
Doshisha University,"35.029737,135.760725"
Dresden Academy of Fine Arts,"51.05284167,13.74244444"
Dublin Institute of Technology,"53.338611111111,-6.2663888888889"
Duncan of Jordanstone College of Art and Design,"56.4566,-2.9828"
Durham University,"54.775,-1.575"
École cantonale d'art de Lausanne,"46.536742,6.588525"
École d'art de La Chaux-de-Fonds,
École des beaux-arts d'Avignon,
école des beaux-arts de Bordeaux,"44.83111111111111,-0.5611111111111111"
École des Beaux-Arts de Bourges ,
École des beaux-arts de Lille,"50.641831,3.061776"
École des beaux-arts de Marseille,"43.2287,5.43485"
École des Beaux-Arts de Mulhouse ,
École des métiers du cinéma d'animation,"45.655101,0.149439"
École du Louvre,"48.860908055555555,2.330936388888889"
École du Passage ,
École Estienne,"48.83107122055735,2.3519907359189975"
École Georges-Méliès,"48.74245192283895,2.392101897752613"
École nationale supérieure d’art de Paris-Cergy ,
École nationale supérieure de création industrielle,"48.8584,2.3693"
École nationale supérieure des arts appliqués et des métiers d'art,"48.8335,2.2955"
École nationale supérieure des arts décoratifs,
École nationale supérieure des arts visuels de La Cambre,
École nationale supérieure des beaux-arts de Lyon,"45.768055555556,4.8172222222222"
École nationale supérieure des beaux-arts de Toulouse,
École normale supérieure,
École Normale Supérieure de Lyon,"45.729734,4.826875"
École royale des élèves protégés,
École supérieure d'art d'Aix-en-Provence ,
École supérieure d'art du Havre,"49.4974,0.132042"
École supérieure des arts décoratifs de Strasbourg,"48.5825,7.7591"
Edinburgh College of Art,"55.9458,-3.19964"
El Nasr Girls' College,"31.205861111111112,29.92136111111111"
Émile Cohl School,"45.7569,4.8658"
Emilia Romagna Teatro,
Emily Carr University of Art and Design,"49.267735,-123.094129"
Emory University,"33.791111111111,-84.323333333333"
Eötvös Loránd University,"47.4906,19.0585"
Erasmus University Rotterdam,"51.918061111111,4.5258305555556"
ESAG Penninghen,
ESAP Guimarães ,
Escola de Artes Visuais do Parque Lage,
Escola de Belas Artes da Universidade Federal da Bahia,"-12.990785,-38.524427"
Escola de Belas-Artes da Universidade Federal de Minas Gerais,
Escola de Comunicações e Artes da Universidade de São Paulo,"-23.55833333,-46.72694444"
Escola de la Llotja,
Escola de Música e Belas Artes do Paraná,
Escola de Tecnologia Spectaculu ,
Escola do Parque Ltda Me,"-27.59523368,-48.49840981"
Escola Nacional de Belas Artes,"-22.8625055,-43.2256622"
Escola Superior de Belas-Artes de Lisboa,
Escola Superior de Belas-Artes do Porto,
Escuela Internacional de Cine y Televisión,"22.917735,-82.540882"
"Escuela Nacional de Pintura, Escultura y Grabado La Esmeralda","19.35655,-99.14015"
Escuela Superior de Artes de Yucatán,
ESIGELEC,"49.3842,1.07757"
Estonian Academy of Arts,
ETEC Lauro Gomes,"-23.69,-46.54"
Eugeniusz Geppert Academy of Fine Arts,"51.11138889,17.04361111"
European Ceramics Work Center,
European Film College,"56.1937,10.6913"
Faculdade Angel Vianna,"-22.9396151,-43.1805362"
Faculdade Cásper Líbero,"-23.56552983,-46.651333"
Faculdade de Arquitetura e Urbanismo da Universidade de São Paulo,
Faculdade de Arquitetura e Urbanismo da Universidade Federal do Rio de Janeiro,
Faculdade de Belas Artes de São Paulo ,
Faculdade de Belas-Artes da Universidade de Lisboa,"38.70893,-9.14067"
Faculdade de Direito do Recife,"-8.0595839,-34.882675"
Faculdade de Letras da Universidade de Coimbra,"40.208341,-8.4253"
Faculdade Impacta de Tecnologia,
Faculdade Interamericana de Porto Velho,
Faculdade Paulista de Artes,"-23.559835,-46.643268"
Faculdade Santa Marcelina,
Faculty of Architecture and Urbanism of the University of São Paulo,"-23.56012,-46.72985"
Faculty of Arts and Design,
Faculty of Arts of Parana State,"-25.4096065,-49.2484327"
"Faculty of Arts, Charles University in Prague",
Faculty of Chemistry (UNAM),"19.33191,-99.18193"
"Faculty of Dramatic Arts, Belgrade",
"Faculty of Electrical Engineering and Computing, University of Zagreb","45.80091667,15.97127778"
Faculty of Fine Arts of the University of Porto,"41.14555,-8.60075"
Faculty of History and Philology of Moscow University,
"Faculty of Law, German University in Prague",
Faculty of Nutrition and Food Science of the University of Porto,
"Faculty of Pharmacy, University of Lisbon",
"Faculty of Philosophy, Languages and Literature, and Human Sciences",
Federal University of Bahia,"-12.9928637,-38.5205973"
Federal University of Espírito Santo,"-20.2766256,-40.3036766"
Federal University of Juiz de Fora,"-21.7747,-43.3683"
Federal University of Minas Gerais,"-19.8690878,-43.9663841"
Federal University of Pernambuco,"-8.0517328,-34.9507155"
Federal University of Rio de Janeiro,"-22.8625,-43.223888888889"
Federal University of Rio Grande do Sul,"-30.033611111111,-51.219166666667"
Federal University of Rondônia,"-8.8356,-63.9389"
Filmarche,
Folkwang University of the Arts,"51.3875,7.00444"
Freiherr-vom-Stein-Gymnasium,"51.61055555555556,7.515833333333333"
Friedrich-Alexander-Universität Erlangen-Nürnberg,"49.600717498174966,11.004722360236146"
Friedrich-Eugens-Gymnasium Stuttgart,"48.7789,9.16278"
Fundação Armando Alvares Penteado,"-23.5450155,-46.6630802"
Gakushuin University,
Gallerie dell'Accademia,"45.431078,12.328139"
George Heriot's School,"55.9459133800392,-3.19467430133454"
Georgia Tech,"33.77580555555556,-84.39469444444444"
Gerasimov Institute of Cinematography,"55.835077,37.637272"
Gerlesborg School of Fine Art,"58.488735,11.341664"
German School of Barcelona,"41.3825,2.08916667"
Gerrit Rietveld Academie,"52.3413,4.86"
Ghent Royal Conservatory,
Gilardo Gilardi Conservatory of Music,"-34.899,-57.984"
Glasgow School of Art,"55.8660504111646,-4.26374637969825"
Gobelins,"48.836944444444,2.3536111111111"
"Goldsmiths, University of London","51.474269444444445,-0.03541111111111111"
Graduate School of Fine Arts of Algiers,"36.76153,3.04386"
Graz University of Technology,"47.068888888889,15.45"
Haagsche Teekenacademie,
Hacettepe University,"39.867222222222,32.734444444444"
Hamburg University of Applied Sciences,"53.55627,10.02196"
HaMidrasha – Faculty of the Arts,"32.200699,34.918464"
"Hanze University of Applied Sciences, Groningen","53.24051389,6.53270278"
Harvard University,"42.374443888889,-71.116943888889"
Haute école des arts du Rhin,"48.5825,7.7591"
Heatherley School of Fine Art,"51.4787,-0.1847"
Hele's School,"50.3924,-4.06548"
"Henry van de Velde Institute, Antwerp",
Herron School of Art and Design,"39.7713,-86.1715"
HKU University of the Arts Utrecht; Utrecht University,
Hochschule Düsseldorf,"51.24738888888889,6.791361111111112"
Hochschule für bildende Künste Hamburg,"53.56757,10.03132"
Hochschule für Gestaltung Offenbach,"50.1075,8.76472222"
Hogeschool Arnhem en Nijmegen ,
Horikoshi High School,"35.701111,139.6765"
Humboldt-Universität zu Berlin,"52.518055555555556,13.393333333333333"
Hungarian University of Fine Arts,
Hunter College,"40.768538,-73.964741"
IADE Superior de Marketing e Publicidade,
Ibero-American University,"19.371111111111,-99.263555555556"
IED European Institute ,
Ilia Petrov National High School of Fine Arts ,
Imperial College London,"51.498308,-0.176882"
Indiana University Bloomington,"39.167222,-86.521389"
Indiana University of Pennsylvania,"40.617,-79.16"
Industrial University of Santander,
Institut des arts de diffusion,"50.670524,4.604013"
Institut supérieur des arts et du design de Toulouse ,
Institute of Political Studies in Aix-en-Provence ,
Instituto Allende,"20.9092,-100.747"
Instituto de Ciências Biomédicas Abel Salazar,
Instituto Nacional de Bellas Artes y Literatura,"19.435277777777777,-99.14138888888888"
Instituto Pedagógico,
Instituto Superior de Arte,"23.088783,-82.446802"
Interlochen Center for the Arts,"44.631026,-85.768698"
International College of Cyprus,
International Dell’Arte School,
Ionian University,"39.62055556,19.91555556"
ISIA Urbino,"43.723173,12.637951"
Istituto di Musica G. Verdi di Asti ,
Istituto Europeo di Design,"45.44625233345661,9.194896909398269"
IUAV University of Venice,"45.4331,12.3149"
J. Rosenthal Riga Art School ,
Jagiellonian University,"50.06166666666667,19.933888888888887"
Jan Matejko Academy of Fine Arts in Krakow,"50.066389,19.941667"
Jorge Tadeo Lozano University,"4.606805555555556,-74.06755555555556"
Juilliard School,"40.773871,-73.983178"
Jutland Art Academy,"56.15893889,10.21225278"
Kanagawa Prefectural Shonan High School,"35.344472,139.472278"
Keio University,"35.649166666667,139.74277777778"
Kingston University,"51.4035,-0.3039"
KMD/UiB (University of Bergen); Universidad Nacional de las Artes (UNA); ENERC,
Köln International School of Design,"50.9215,6.96336"
Konstfack,"59.29861111,17.99583333"
Kraków University of Technology,"50.07166667,19.94416667"
Kunstakademie Düsseldorf,"51.23054,6.77365"
Kyoto Institute of Technology,"35.049389,135.781853"
Kyung Hee University,"37.5967,127.052"
L'Atelier de Sèvres ,
La Cambre Art School,
La Poudrière,
Ladislav Sutnar Faculty of Design and Art,"49.7252,13.3483"
"Law School, University of São Paulo","-23.55,-46.63722222"
Le Fresnoy,"50.7001129,3.1547097"
Leiden University,"52.15694444444444,4.485277777777778"
Liceo Artistico Di Porta Romana E S.F.,"43.7599,11.24626"
Liceu de Artes e Ofícios,
London College of Fashion,"51.54161,-0.0129"
London Metropolitan University,"51.551574,-0.110687"
LUCA School of Arts,"50.85843889,4.3683"
Lucerne University of Applied Sciences and Arts,"47.014,8.306"
Lutheran University of Brazil,"-29.8872,-51.1629"
Lycée Condorcet,"48.874803,2.326933"
lycée Georges-Clemenceau,"47.2189,-1.545"
Lycée Louis-le-Grand,"48.848018,2.344176"
Lycée Pierre-Corneille,"49.445311,1.100213"
lycée Pothier,"47.90904,1.909691"
Lycée René Descartes,
Maastricht Academy of Fine Arts,"50.848736111111,5.6830416666667"
Macalester College,"44.93944444444445,-93.1686111111111"
Mackenzie Presbyterian University,"-23.547,-46.652"
Magdalena Abakanowicz University of the Arts Poznań,"52.41,16.9289"
Magdeburg-Stendal University of Applied Sciences,
Manzoni,
Maria Curie-Skłodowska University,"51.2425,22.5405"
Maryland Institute College of Art,"39.3056,-76.6206"
Massachusetts Institute of Technology,"42.359722222222224,-71.09194444444445"
Massana School,"41.380944,2.169583"
Mato Grosso State University,
Memphis College of Art,"35.1459,-89.9937"
Michigan State University,"42.7018637482531,-84.48216117291386"
Middlesex University,"51.5893495,-0.2282466"
Minsk State Fine Art College ,
Moholy-Nagy University of Art and Design,"47.5171,18.9898"
Montefiori Technical School,
Montpellier Fine Arts School,"43.61755318089179,3.8841390694349522"
Montreal Music Conservatory,
Moscow 1905 Academy of Arts,"55.793269,37.62698"
Mozarteum University Salzburg,"47.80388889,13.04341667"
Musashino Art University,"35.72611111,139.4475"
"Museum of Modern Art, Rio de Janeiro","-22.91375,-43.171805555556"
Nagoya City University,"35.139406,136.935203"
Nantes School of Art,"47.206475,-1.560904"
National Academy of Arts,"42.695,23.334166666667"
National and Kapodistrian University of Athens,"37.969166666666666,23.780833333333334"
National Art Schools (Cuba),"23.08805556,-82.44805556"
National Autonomous University of Mexico,"19.328888888889,-99.187222222222"
National College of Art and Design,"53.34277778,-6.27888889"
National Film and Television School,"51.6054,-0.6374"
National Film School in Łódź,"51.757778,19.4725"
National School of Arts and Techniques of theater,"45.7533,4.81142"
National School of Fine Arts,"-22.908798055555554,-43.17573111111111"
National School of Fine Arts Prilidiano Pueyrredon,"-34.59171466023074,-58.39131357322754"
"National Superior Autonomous School of Fine Arts, Lima","-12.04638889,-77.02388889"
National Taiwan University,"25.016,121.536"
National Technical University of Athens,"37.987863888889,23.731613888889"
National Theatre and Film School Tbilisi,
National University of Colombia,"4.6355555555556,-74.082777777778"
National University of Córdoba,"-31.4375,-64.18777778"
National University of La Plata,"-34.91296944,-57.95135556"
National University of the Arts Prilidiano Pueyrredón,"-34.59472222,-58.39944444"
National University of Tres de Febrero,"-34.60166667,-58.52777778"
Netherlands Institute for Animated Film ,
New York Institute of Technology,"40.8080625,-73.6033125"
New York State College of Ceramics,"42.253261,-77.787486"
New York University,"40.73,-73.995"
New York University Abu Dhabi,"24.5239,54.4346"
New York University Tisch School of the Arts,"40.72922222,-73.99377778"
Nicolaus Copernicus University in Toruń,"53.0153,18.5722"
Nihon University,"35.691,139.73760833"
North Carolina Central University,"35.97645,-78.90092"
Northwestern University,"42.05645939999999,-87.67526699999999"
Nottingham Trent University,"52.9564,-1.15203"
NOVA School of Social Sciences and Humanities,"38.74049,-9.150902"
Nuestra Señora del Buen Consejo School,"43.13916667,-1.535"
OCAD University,"43.653055555556,-79.391194444444"
Ohio State University,"40,-83.0125"
"Open Studio, Amsterdam",
Open University of Catalonia,"41.406594,2.194429"
ORT University Mexico,"19.42063,-99.15591"
Paris 8 University,"48.944722222222,2.3633333333333"
Paris-Sorbonne University - Paris IV,"48.848333333333,2.3427777777778"
Parsons School of Design,"40.735277777778,-73.994166666667"
Parsons The New School,
Pavel Military School,
Peking University,"39.989722222222,116.30527777778"
Pennsylvania Academy of the Fine Arts,"39.955683,-75.163217"
Pennsylvania State University,"40.796111111111,-77.862777777778"
PennWest Edinboro,"41.87,-80.122"
Piet Zwart Institute,
Polytechnic University of Milan,"45.478030555555556,9.227319444444445"
Polytechnic University of Turin,"45.063094444444,7.661075"
Pompeu Fabra University,"41.379166666667,2.1795083333333"
Pontifical Catholic University of Chile,"-33.441148,-70.640694"
Pontifical Catholic University of Peru,"-12.069444444444445,-77.07944444444445"
Pontifical Catholic University of Rio de Janeiro,"-22.97868,-43.232819"
Pontifical Catholic University of Valparaíso,"-33.0447,-71.6056"
Pontifical Xavierian University,"4.62894444,-74.06485"
Pontifícia Universidade Católica de São Paulo,"-23.537889,-46.671122"
Pontifícia Universidade Católica do Rio Grande do Sul,"-30.05777778,-51.17444444"
Poznań University Institute of History,
Pratt Institute,"40.691111,-73.963889"
Princeton University,"40.345277777778,-74.656111111111"
Prussian Academy of Arts,
Purdue University,"40.425,-86.92305555555555"
Quasar Design University,
Queen's University,"44.225,-76.495"
Queen's University Belfast,"54.584166666667,-5.9347222222222"
Regional Conservatory of Lyon,"45.761,4.82234"
Reial Acadèmia de Belles Arts de Sant Carles de València,"39.445,-0.389444"
Reims Management School,"49.2389,4.00299"
Rensselaer Polytechnic Institute,"42.729014,-73.676728"
Rhode Island School of Design,"41.825833333333,-71.407777777778"
Ringling College of Art and Design,"27.3607,-82.5481"
Ritsumeikan University,"35.032579,135.724041"
RMIT University,"-37.80777777777778,144.96333333333334"
Royal Academy of Art,"52.08161111111111,4.319166666666667"
Royal Academy of Arts,"51.509166666667,-0.13944444444444"
Royal Academy of Arts of Liège,"50.6471815,5.5681264"
Royal Academy of Fine Arts,"51.2234,4.4069"
Royal Academy of Fine Arts of Brussels,"50.844,4.3477"
Royal Academy of Fine Arts of Gent,"51.045519,3.718608"
Royal Academy of Fine Arts of San Fernando,"40.4178,-3.7007"
Royal Central School of Speech and Drama,"51.54416666666667,-0.17416666666666666"
Royal College of Art,"51.501388888889,-0.17888888888889"
Royal Danish Academy of Fine Arts,"55.680277777777775,12.587222222222222"
Rubika,"50.37418867266314,3.523292769496986"
Ruhr University Bochum,"51.443888888889,7.2616666666667"
Rutgers University,"40.501666666667,-74.448055555556"
SAE Institute,
Salzburg University of Applied Sciences,"47.7237,13.087"
San Diego State University,"32.775277777778,-117.07222222222"
San Francisco Art Institute,"37.8035,-122.417"
Sandberg Institute,"52.34138888888889,4.860277777777777"
São Paulo School of Arts and Crafts,"-23.5331446,-46.6267577"
São Paulo State University,"-22.8172,-47.0694"
Sapienza University of Rome,"41.903333333333,12.515833333333"
Savannah College of Art and Design,"32.073,-81.0961"
School of Cinematic Arts Station,"34.0241631,-118.2800958"
School of Fine Arts of Rennes,
School of St. Thomas Aquinas of the Piarist Schools of Zaragoza,"41.654588,-0.884784"
School of the Art Institute of Chicago,"41.879444444444,-87.623888888889"
School of the Circle of Fine Arts,
School of the Museum of Fine Arts,"42.3386,-71.0968"
School of Visual Arts,"40.73861111,-73.98222222"
School Yehuda Pen in Vitebsk,
"Scuola del Libro, Urbino; School of Cinema Television and New Media Luchino Visconti, Milan",
Seikei University,"35.71123,139.573145"
Seneca Polytechnic,"43.79395,-79.349047222222"
Serviço Nacional de Aprendizagem Comercial,
Shanghai Institute of Visual Art,"31.048,121.202"
Shanghai University,"31.316666666666666,121.38888888888889"
Shariaty Technical College,"35.62037376586496,51.399823250684136"
Shenzhen University,"22.539256,113.933684"
Sheridan College,"43.46888888888889,-79.7"
Sibelius Academy,"60.17166666666667,24.9325"
Siemens Business School ,
Silesian University of Technology,"50.29077778,18.67491667"
Slade School of Fine Art,"51.525,-0.13444444444444445"
Smith College,"42.3175,-72.6375"
Sorbonne Nouvelle-Paris 3,"48.84488888888889,2.396988888888889"
St. Joost School of Art & Design,
Stanford University,"37.4275,-122.17"
State Academy of Fine Arts Stuttgart,
State University of Londrina,"-23.3253,-51.2"
State University of Music and Performing Arts Stuttgart,"48.778611,9.185833"
Stefan Batory Gymnasium and Lyceum,"52.222859,21.034965"
Stony Brook University,"40.9173205,-73.1245537"
Sudbury Grammar School,"52.0375,0.7266"
Supinfocom,
Supinfocom Arles (atual MoPA),
Supinfocom Arles (atual MOPA),
Supinfocom Rubika,
Supinfocom Rubika School,
Supinfocom Valenciennes,
Surikov State Academic Institute of Fine Arts,"55.74369444,37.66647222"
"Surrey Institute of Art & Design, University College","51.216,-0.806"
Syracuse University,"43.037638888889,-76.134"
Taipei National University of the Arts,"25.13406,121.47038"
Tama Art University,"35.611933666075636,139.35045408465814"
Tarbes Higher School of Arts and Ceramics,"43.23642,0.074619"
Teatro Nuovo Ballet Academy of Turin ,
Technical University of Madrid,"40.449167,-3.728056"
Technical University of Valencia,"39.48088957948802,-0.3411099306510339"
Tel Aviv University,"32.1125,34.805"
The Animation Workshop,"56.4561,9.40611"
The Art Institute of Fort Lauderdale,"26.1,-80.122"
The Catholic University of America,"38.93361111111111,-76.99861111111112"
The Drawing Academy in Amsterdam,
The New School,"40.73534,-73.99704"
The Royal Danish Academy of Fine Arts School of Visual Arts,"55.6801,12.5874"
Théâtre national de Chaillot,"48.86229167,2.28815556"
Tokyo University of the Arts,"35.7195782,139.7726862"
Tomas Baťa University in Zlín,"49.222655555556,17.664855555556"
Toronto School of Art,
Tshwane University of Technology,"-25.7322,28.1617"
TU Dresden,"51.028055555555554,13.726666666666667"
Tufts University,"42.406949,-71.11982"
Tunis Institute of Fine Arts,"36.820884,10.180469"
Turku Arts Academy,
Tyler School of Art,"39.9832,-75.1536"
Ulster University,"55.1478,-6.67222"
Ulyanovsk State Technical University,"54.3512389,48.3897278"
Universidad de los Andes,"-33.404007,-70.507468"
Universidad Modelo,"21.0285,-89.5678"
Universidad Veracruzana,
Universidade Aberta de Portugal,"38.7176,-9.15205"
Universidade Católica Portuguesa - Braga,
Universidade Cesumar,
Universidade de Fortaleza,"-3.7687753,-38.478061"
Universidade Federal de Santa Maria,"-29.71735,-53.71705"
Universidade Federal de São Carlos,"21.98525,47.87996"
Universidade Federal do Paraná,"-25.428888888889,-49.2675"
Universidade Municipal de São Caetano do Sul,
Università Cattolica; SDA Bocconi; Conservatorio Giuseppe Verdi di Milano; Conservatorio Arrigo Boito di Parma,
Università degli Studi Roma Tre,"41.8625,12.47888888888889"
Université de Moncton,"46.105,-64.7819"
Université de Montréal,"45.50414,-73.61433"
Université du Québec à Chicoutimi,"48.42,-71.0525"
Université du Québec à Montréal,"45.513888888889,-73.560277777778"
University at Buffalo,"43,-78.78916666666667"
University College London,"51.52472222222222,-0.13361111111111112"
University of Akron,"41.0752,-81.5115"
University of Alabama at Birmingham,"33.5,-86.8075"
University of Algarve,"37.0224,-7.92764"
University of Amsterdam,"52.368333333333,4.8902777777778"
University of Applied Arts Vienna,"48.208419444444445,16.382219444444445"
University of Applied Sciences Offenburg,"48.4589,7.94278"
University of Art and Design Linz,"48.3066,14.2857"
University of Atlántico,"11.0191934,-74.8753886"
University of Barcelona,"41.386666666667,2.1638888888889"
University of Basel,"47.55852,7.58346"
University of Bergen,"60.388086111111,5.3228722222222"
University of Berlin,
University of Bern,"46.95,7.437"
University of Bologna,"44.493888888889,11.342777777778"
University of Bonn,"50.733888888889,7.1022222222222"
University of Brasília,"-15.761388888888888,-47.86638888888889"
University of Buenos Aires,"-34.599722222222,-58.373055555556"
University of Caldas,"5.05611,-75.4928"
"University of California, Berkeley","37.871944444444445,-122.25833333333334"
University of Cambridge,"52.205355979757925,0.11315726963968827"
University of Campinas,"-22.817222222222,-47.069444444444"
University of Chile,"-33.44454888888889,-70.65095388888889"
University of Cincinnati,"39.132777777777775,-84.51527777777778"
University of Colorado Boulder,"40.006666666667,-105.26722222222"
University of Cordoba,"37.8847,-4.78833"
University of Cuiabá,"-15.624294,-56.087167"
University of Denver,"39.678333,-104.962222"
University of Essex,"51.87845,0.94942"
University of Exeter,"50.736111111111114,-3.535"
University of Florida,"29.6475,-82.345"
University of Florida,"29.6475,-82.345"
University of Geneva,"46.19899,6.14446"
University of Gothenburg,"57.698333333333,11.971666666667"
University of Innsbruck,"47.263055555556,11.383888888889"
University of Ioannina,"39.62,20.84"
University of Iowa,"41.66166666666667,-91.5363888888889"
University of Lisbon,"38.7525,-9.1588888888889"
University of Liverpool,"53.406,-2.967"
University of Maine,"44.89944444,-68.66805556"
University of Maryland,"38.988055555555555,-76.9425"
"University of Maryland, Baltimore County","39.25555555555555,-76.71138888888889"
University of Massachusetts,
University of Michigan,"42.276944444444446,-83.73805555555556"
University of Minho,"41.451641618551236,-8.291789240848695"
University of Montana,"46.86,-113.98527777778"
University of Music and Performing Arts Graz,"47.0725,15.4503"
"University of Nevada, Reno","39.545833333333,-119.81666666667"
University of North Carolina Wilmington,"34.225833333333334,-77.87333333333333"
University of North Texas,"33.21095,-97.146958333333"
University of Nottingham,"52.93888888888889,-1.1969444444444444"
University of Oregon,"44.044166666667,-123.07583333333"
University of Ottawa,"45.4222,-75.6824"
University of Padua,"45.42,11.87"
University of Palermo,"38.11768,13.370131"
University of Paris 1 Pantheon-Sorbonne,"48.848333,2.343056"
University of Parma,"44.801,10.3251"
University of Patras,"38.286666666667,21.786388888889"
University of Pavia,"45.18675,9.15586"
University of Pennsylvania,"39.95388888888889,-75.19305555555556"
University of Pisa,"43.716508333333,10.398458333333"
University of Pittsburgh,"40.444565,-79.953274"
University of Plymouth,"50.374121,-4.138512"
University of Porto,"41.14666667,-8.61555556"
University of Salzburg,"47.797222222222224,13.048055555555555"
University of São Paulo,"-23.5613991,-46.7307891"
University of South Africa,"-25.767222222222,28.199444444444"
University of South Australia,"-34.9205,138.607"
University of South Wales,"51.47946437141099,-3.1692761684562125"
University of Southern California,"34.021667,-118.285278"
University of Sydney,"-33.8875,151.19"
University of Technology of Compiègne,"49.400272222222,2.799775"
University of Tehran,"35.70333333333333,51.419444444444444"
University of Texas at Dallas,"32.985,-96.75"
University of Texas at El Paso,"31.77,-106.505"
University of the Arts Helsinki,"60.17406,24.9346"
University of the Arts London,"51.5178,-0.116389"
University of the Balearic Islands,"39.63805555555555,2.6480555555555556"
University of the Philippines Diliman,"14.654861111111,121.06446944444"
University of the Republic,
University of the West of England,"51.50021,-2.54749"
University of Thessaly,"39.3576754,22.9484265"
University of Tokyo,"35.71339,139.76232"
University of Tsukuba,"36.10367589575579,140.1020979"
University of Turin,"45.069444444444,7.6888888888889"
University of Ulsan College of Medicine,"35.52,129.429"
University of Vale do Rio dos Sinos,
University of Valparaíso,"-33.0407143,-71.6254608"
University of Vienna,"48.213055555555556,16.35972222222222"
University of Virginia,"38.035555555555554,-78.50333333333333"
University of Wales Trinity Saint David,"51.85865,-4.32798"
University of Warsaw,"52.240280555556,21.019169444444"
University of Washington,"47.65416666666667,-122.30805555555555"
University of West Bohemia,"49.71861111111111,13.35361111111111"
University of Wisconsin–Milwaukee,"43.07503,-87.882915"
University of Wisconsin–Stevens Point,
University of Wollongong,"-34.406166666667,150.87953611111"
University of Wrocław,"51.11361111111111,17.033333333333335"
University of Zurich,"47.374722222222,8.5483333333333"
University Ramon Llull,"41.41158333333333,2.1329166666666666"
Ural State Academy of Architecture and Arts,"56.83989,60.61183"
Utrecht School of the Arts,"52.09303055555556,5.121088888888889"
Utrecht University,"52.085277777777776,5.175"
Utrecht University of the Arts,
Utrecht University of the Arts (HKU),
Vancouver Film School,
Vassar College,"41.686866666667,-73.895188888889"
Vicentina de la Torre Arts Academy ,
Villa Arson,"43.721,7.253"
Vilniaus dizaino ir technologijų kolegija ,
Vilnius Academy of Art,
Vysoká škola múzických umení v Bratislave,
Walsh School of Foreign Service,"38.907222222222,-77.072777777778"
Warsaw University of Technology,"52.220278055556,21.010556111111"
Waseda University,"35.709202777778,139.71933333333"
Weimar Saxon-Grand Ducal Art School,
Weißensee Academy of Art Berlin,"52.5581,13.4393"
Wesleyan University,"41.55562,-72.655844"
West China Hospital,"30.643222,104.061097"
Wimbledon School of Art,"51.41343,-0.211466"
Winchester School of Art,"51.066,-1.309"
Wrexham University,"53.054,-3.006"
Yale University,"41.311111111111,-72.926666666667"
Zurich University of the Arts,"47.38295,8.5358"